Commutair Aka Champlain Enterprises Inc.,C5
GoJet Airlines LLC d/b/a United Express,G7
Air Wisconsin Airlines Corp,ZW
Mesa Airlines Inc.,YV
Southwest Airlines Co.,WN
Republic Airlines,YX
Endeavor Air Inc.,9E
American Airlines Inc.,AA
Capital Cargo International,PT
SkyWest Airlines Inc.,OO
Alaska Airlines Inc.,AS
JetBlue Airways,B6
Delta Air Lines Inc.,DL
Frontier Airlines Inc.,F9
Allegiant Air,G4
Hawaiian Airlines Inc.,HA
Envoy Air,MQ
Spirit Air Lines,NK
Comair Inc.,OH
Horizon Air,QX
United Air Lines Inc.,UA
Empire Airlines Inc.,EM
ExpressJet Airlines Inc.,EV
Compass Airlines,CP
Trans States Airlines,AX
Peninsula Airways Inc.,KS
Cape Air,9K
Virgin America,VX
Lufthansa,LH
EasyJet,U2
Norwegian Air Shuttle,DY
Swiss International Air Lines,LX
Scandinavian Airlines,SK
KLM Royal Dutch Airlines,KL
